{"cameraMode":{"drawMode":0,"name":"Shaded","section":"Shading Mode"},"sceneLighting":false,"audioPlay":false,"sceneViewState":{"showFog":true,"showMaterialUpdate":false,"showSkybox":false,"showFlares":true,"showImageEffects":true,"showParticleSystems":true},"in2DMode":false,"pivot":{"x":4.172325134277344e-7,"y":0.7630391120910645,"z":0.0},"rotation":{"x":-0.0002193319087382406,"y":0.7058327198028565,"z":-0.0002183739998145029,"w":-0.708379328250885},"size":4.992612361907959,"orthographic":true}