{"cameraMode":{"drawMode":0,"name":"Shaded","section":"Shading Mode"},"sceneLighting":true,"audioPlay":false,"sceneViewState":{"showFog":true,"showMaterialUpdate":false,"showSkybox":true,"showFlares":true,"showImageEffects":true,"showParticleSystems":true},"in2DMode":false,"pivot":{"x":-0.8521301746368408,"y":0.7041630744934082,"z":0.3592226505279541},"rotation":{"x":-0.0002193319087382406,"y":0.7058327198028565,"z":-0.0002183739998145029,"w":-0.708379328250885},"size":6.313094615936279,"orthographic":true}